Quarter-Year,quarter,year,roe,roa,bookValuePerShare,interestMargin,badDebtPercentage,provisionOnBadDebt,equityOnTotalAsset,equityOnLoan,assetOnEquity,postTaxOnToi,loanOnEarnAsset,loanOnAsset,badDebtOnAsset,payableOnEquity,cancelDebt,bookValuePerShareChange,creditGrowth,Date,Quarterly_GDP
Q1-2013,Q1,2013,0.111,0.007,6876,0.031,0.028,0.708,0.057,0.08,17.6,0.292,0.755,0.71,0.02,16.6,0.017,0.028,0.144,2013-03-31,1255539.2685
Q2-2013,Q2,2013,0.134,0.007,6991,0.029,0.027,0.737,0.054,0.077,18.5,0.179,0.744,0.701,0.019,17.5,0.016,0.017,0.12,2013-06-30,1255539.2685
Q3-2013,Q3,2013,0.153,0.009,7818,0.029,0.023,0.835,0.059,0.084,17.0,0.265,0.741,0.697,0.016,16.0,0.016,0.118,0.113,2013-09-30,1255539.2685
Q4-2013,Q4,2013,0.137,0.008,7973,0.029,0.019,0.85,0.058,0.082,17.1,0.146,0.759,0.713,0.013,16.1,0.017,0.02,0.15,2013-12-31,1255539.2685
Q1-2014,Q1,2014,0.145,0.008,8316,0.029,0.02,0.816,0.058,0.084,17.1,0.336,0.743,0.696,0.014,16.1,0.018,0.043,0.155,2014-03-31,1371527.38425
Q2-2014,Q2,2014,0.131,0.007,8237,0.029,0.025,0.769,0.057,0.083,17.5,0.076,0.733,0.687,0.017,16.5,0.017,-0.009,0.09,2014-06-30,1371527.38425
Q3-2014,Q3,2014,0.14,0.008,7968,0.029,0.019,0.914,0.054,0.078,18.7,0.323,0.735,0.689,0.013,17.7,0.016,-0.033,0.105,2014-09-30,1371527.38425
Q4-2014,Q4,2014,0.151,0.008,8296,0.028,0.019,0.764,0.051,0.075,19.5,0.189,0.726,0.685,0.013,18.5,0.016,0.041,0.14,2014-12-31,1371527.38425
Q1-2015,Q1,2015,0.154,0.009,8678,0.029,0.022,0.732,0.053,0.075,19.0,0.353,0.746,0.702,0.016,18.0,0.014,0.046,0.168,2015-03-31,1405642.67925
Q2-2015,Q2,2015,0.161,0.008,8762,0.027,0.028,0.636,0.049,0.068,20.6,0.112,0.753,0.715,0.02,19.6,0.013,0.01,0.304,2015-06-30,1405642.67925
Q3-2015,Q3,2015,0.165,0.009,9870,0.028,0.022,0.724,0.05,0.072,19.8,0.334,0.735,0.7,0.015,18.8,0.012,0.126,0.334,2015-09-30,1405642.67925
Q4-2015,Q4,2015,0.17,0.008,10177,0.027,0.016,0.76,0.048,0.068,20.8,0.241,0.736,0.703,0.011,19.7,0.009,0.031,0.343,2015-12-31,1405642.67925
Q1-2016,Q1,2016,0.158,0.008,10880,0.028,0.018,0.777,0.051,0.07,19.6,0.251,0.76,0.726,0.013,18.6,0.01,0.069,0.341,2016-03-31,1510439.007
Q2-2016,Q2,2016,0.166,0.008,11044,0.026,0.02,0.753,0.048,0.068,20.9,0.148,0.736,0.707,0.014,19.9,0.01,0.015,0.269,2016-06-30,1510439.007
Q3-2016,Q3,2016,0.153,0.007,11415,0.027,0.02,0.776,0.048,0.068,20.7,0.247,0.739,0.71,0.014,19.7,0.011,0.034,0.227,2016-09-30,1510439.007
Q4-2016,Q4,2016,0.147,0.007,10993,0.026,0.02,0.706,0.044,0.061,22.8,0.175,0.744,0.719,0.014,21.8,0.01,-0.037,0.209,2016-12-31,1510439.007
Q1-2017,Q1,2017,0.146,0.007,11375,0.027,0.021,0.713,0.045,0.06,22.4,0.234,0.766,0.739,0.016,21.4,0.01,0.035,0.216,2017-03-31,1652952.43525
Q2-2017,Q2,2017,0.141,0.006,11969,0.028,0.019,0.829,0.044,0.06,22.8,0.108,0.757,0.734,0.014,21.8,0.011,0.052,0.226,2017-06-30,1652952.43525
Q3-2017,Q3,2017,0.13,0.006,11570,0.03,0.021,0.84,0.041,0.056,24.2,0.136,0.758,0.735,0.015,23.2,0.014,-0.033,0.226,2017-09-30,1652952.43525
Q4-2017,Q4,2017,0.156,0.006,12179,0.029,0.016,0.792,0.041,0.057,24.5,0.243,0.741,0.721,0.012,23.5,0.017,0.053,0.197,2017-12-31,1652952.43525
Q1-2018,Q1,2018,0.153,0.006,12631,0.03,0.016,0.807,0.041,0.058,24.2,0.179,0.74,0.716,0.012,23.2,0.023,0.037,0.158,2018-03-31,1821875.5605
Q2-2018,Q2,2018,0.17,0.007,13227,0.03,0.015,0.85,0.042,0.057,23.8,0.185,0.755,0.733,0.011,22.8,0.023,0.047,0.152,2018-06-30,1821875.5605
Q3-2018,Q3,2018,0.177,0.007,13356,0.029,0.018,0.87,0.042,0.055,23.6,0.167,0.787,0.764,0.013,22.6,0.019,0.01,0.17,2018-09-30,1821875.5605
Q4-2018,Q4,2018,0.151,0.006,13598,0.028,0.017,0.743,0.042,0.055,24.0,0.148,0.777,0.753,0.013,23.0,0.019,0.018,0.142,2018-12-31,1821875.5605
Q1-2019,Q1,2019,0.145,0.006,11199,0.027,0.017,0.702,0.042,0.055,23.7,0.189,0.787,0.763,0.013,22.7,0.018,-0.176,0.166,2019-03-31,1964395.96425
Q2-2019,Q2,2019,0.137,0.005,11372,0.027,0.02,0.727,0.041,0.054,24.3,0.146,0.784,0.761,0.015,23.3,0.016,0.015,0.146,2019-06-30,1964395.96425
Q3-2019,Q3,2019,0.135,0.005,11738,0.027,0.021,0.782,0.042,0.055,24.0,0.162,0.778,0.753,0.016,23.0,0.018,0.032,0.108,2019-09-30,1964395.96425
Q4-2019,Q4,2019,0.134,0.006,15373,0.026,0.017,0.742,0.052,0.07,19.2,0.217,0.774,0.75,0.013,18.2,0.017,0.31,0.13,2019-12-31,1964395.96425
Q1-2020,Q1,2020,0.122,0.006,15670,0.027,0.017,0.861,0.055,0.072,18.2,0.127,0.792,0.765,0.013,17.2,0.016,0.019,0.079,2020-03-31,2036367.464
Q2-2020,Q2,2020,0.125,0.006,15744,0.025,0.02,0.81,0.055,0.07,18.2,0.189,0.816,0.788,0.016,17.2,0.015,0.005,0.07,2020-06-30,2036367.464
Q3-2020,Q3,2020,0.126,0.006,16099,0.025,0.02,0.871,0.055,0.071,18.0,0.175,0.808,0.78,0.015,17.0,0.016,0.023,0.067,2020-09-30,2036367.464
Q4-2020,Q4,2020,0.094,0.005,15773,0.024,0.018,0.884,0.053,0.066,19.0,0.11,0.828,0.801,0.014,18.0,0.016,-0.02,0.087,2020-12-31,2036367.464
Q1-2021,Q1,2021,0.108,0.006,14431,0.025,0.018,1.076,0.053,0.067,18.9,0.186,0.817,0.791,0.014,17.9,0.015,-0.085,0.116,2021-03-31,2153039.1725
Q2-2021,Q2,2021,0.127,0.007,14831,0.029,0.016,1.323,0.051,0.065,19.4,0.216,0.815,0.79,0.013,18.4,0.015,0.028,0.139,2021-06-30,2153039.1725
Q3-2021,Q3,2021,0.124,0.006,15089,0.03,0.016,1.402,0.051,0.065,19.6,0.139,0.813,0.788,0.013,18.6,0.016,0.017,0.16,2021-09-30,2153039.1725
Q4-2021,Q4,2021,0.132,0.006,15150,0.029,0.01,2.194,0.049,0.064,20.4,0.151,0.79,0.769,0.008,19.4,0.015,0.004,0.116,2021-12-31,2153039.1725
Q1-2022,Q1,2022,0.139,0.007,15759,0.029,0.01,2.592,0.049,0.063,20.6,0.224,0.788,0.767,0.007,19.6,0.013,0.04,0.149,2022-03-31,2410653.66975
Q2-2022,Q2,2022,0.151,0.007,16475,0.028,0.01,2.608,0.047,0.063,21.1,0.287,0.77,0.749,0.008,20.1,0.011,0.045,0.143,2022-06-30,2410653.66975
Q3-2022,Q3,2022,0.181,0.009,17704,0.028,0.013,2.138,0.049,0.068,20.3,0.305,0.751,0.73,0.01,19.3,0.009,0.075,0.125,2022-09-30,2410653.66975
Q4-2022,Q4,2022,0.198,0.009,18280,0.029,0.012,2.168,0.049,0.068,20.3,0.237,0.741,0.718,0.008,19.3,0.01,0.033,0.124,2022-12-31,2410653.66975
Q1-2023,Q1,2023,0.209,0.01,19270,0.029,0.015,1.713,0.052,0.069,19.2,0.322,0.782,0.758,0.012,18.2,0.01,0.054,0.126,2023-03-31,2524587.1925
Q2-2023,Q2,2023,0.202,0.01,20025,0.028,0.016,1.515,0.054,0.07,18.6,0.322,0.791,0.767,0.012,17.6,0.013,0.039,0.098,2023-06-30,2524587.1925
Q3-2023,Q3,2023,0.186,0.009,20891,0.027,0.016,1.584,0.056,0.072,17.9,0.264,0.802,0.775,0.012,16.9,0.013,0.043,0.106,2023-09-30,2524587.1925
Q4-2023,Q4,2023,0.198,0.01,21562,0.026,0.013,1.818,0.053,0.069,18.7,0.3,0.797,0.773,0.01,17.7,0.011,0.032,0.168,2023-12-31,2524587.1925
Q1-2024,Q1,2024,0.191,0.01,22632,0.025,0.015,1.528,0.055,0.072,18.0,0.345,0.797,0.77,0.012,17.0,0.012,0.05,0.123,2024-03-31,2524587.1925
Q2-2024,Q2,2024,0.191,0.01,23632,0.025,0.015,1.322,0.053,0.072,18.7,0.323,0.778,0.747,0.011,17.7,0.013,0.044,0.156,2024-06-30,2524587.1925
Q3-2024,Q3,2024,0.189,0.01,24285,0.025,0.017,1.157,0.054,0.071,18.6,0.302,0.785,0.758,0.013,17.6,0.012,0.028,0.181,2024-09-30,2524587.1925
